<application>
  <component name="FileTypeManager" version="17">
    <ignoreFiles list="*.hprof;*.iml;*.pyc;*.pyo;*.rbc;*.yarb;*~;.DS_Store;.apt_generated*;.classpath;.factorypath;.git;.hg;.idea;.mvn;.project;.settings;.springBeans;.svn;CVS;__pycache__;_svn;mvnw*;rebel.xml;target;vssver.scc;vssver2.scc;" />
    <extensionMap>
      <mapping ext="gradle.kts" type="Kotlin" />
      <mapping ext="main.kts" type="Kotlin" />
      <mapping ext="asta" type="Native" />
    </extensionMap>
  </component>
</application>