<application>
  <component name="ProjectJdkTable">
    <jdk version="2">
      <name value="jdk-11-openj9" />
      <type value="JavaSDK" />
      <version value="java version &quot;11.0.8&quot;" />
      <homePath value="D:/Java/jdk-11-openj9" />
      <roots>
        <annotationsPath>
          <root type="composite">
            <root url="jar://$APPLICATION_HOME_DIR$/plugins/java/lib/jdkAnnotations.jar!/" type="simple" />
          </root>
        </annotationsPath>
        <classPath>
          <root type="composite">
            <root url="jrt://D:/Java/jdk-11-openj9!/java.base" type="simple" />
            <root url="jrt://D:/Java/jdk-11-openj9!/java.compiler" type="simple" />
            <root url="jrt://D:/Java/jdk-11-openj9!/java.datatransfer" type="simple" />
            <root url="jrt://D:/Java/jdk-11-openj9!/java.desktop" type="simple" />
            <root url="jrt://D:/Java/jdk-11-openj9!/java.instrument" type="simple" />
            <root url="jrt://D:/Java/jdk-11-openj9!/java.logging" type="simple" />
            <root url="jrt://D:/Java/jdk-11-openj9!/java.management" type="simple" />
            <root url="jrt://D:/Java/jdk-11-openj9!/java.management.rmi" type="simple" />
            <root url="jrt://D:/Java/jdk-11-openj9!/java.naming" type="simple" />
            <root url="jrt://D:/Java/jdk-11-openj9!/java.net.http" type="simple" />
            <root url="jrt://D:/Java/jdk-11-openj9!/java.prefs" type="simple" />
            <root url="jrt://D:/Java/jdk-11-openj9!/java.rmi" type="simple" />
            <root url="jrt://D:/Java/jdk-11-openj9!/java.scripting" type="simple" />
            <root url="jrt://D:/Java/jdk-11-openj9!/java.se" type="simple" />
            <root url="jrt://D:/Java/jdk-11-openj9!/java.security.jgss" type="simple" />
            <root url="jrt://D:/Java/jdk-11-openj9!/java.security.sasl" type="simple" />
            <root url="jrt://D:/Java/jdk-11-openj9!/java.smartcardio" type="simple" />
            <root url="jrt://D:/Java/jdk-11-openj9!/java.sql" type="simple" />
            <root url="jrt://D:/Java/jdk-11-openj9!/java.sql.rowset" type="simple" />
            <root url="jrt://D:/Java/jdk-11-openj9!/java.transaction.xa" type="simple" />
            <root url="jrt://D:/Java/jdk-11-openj9!/java.xml" type="simple" />
            <root url="jrt://D:/Java/jdk-11-openj9!/java.xml.crypto" type="simple" />
            <root url="jrt://D:/Java/jdk-11-openj9!/jdk.accessibility" type="simple" />
            <root url="jrt://D:/Java/jdk-11-openj9!/jdk.attach" type="simple" />
            <root url="jrt://D:/Java/jdk-11-openj9!/jdk.charsets" type="simple" />
            <root url="jrt://D:/Java/jdk-11-openj9!/jdk.compiler" type="simple" />
            <root url="jrt://D:/Java/jdk-11-openj9!/jdk.crypto.cryptoki" type="simple" />
            <root url="jrt://D:/Java/jdk-11-openj9!/jdk.crypto.ec" type="simple" />
            <root url="jrt://D:/Java/jdk-11-openj9!/jdk.crypto.mscapi" type="simple" />
            <root url="jrt://D:/Java/jdk-11-openj9!/jdk.dynalink" type="simple" />
            <root url="jrt://D:/Java/jdk-11-openj9!/jdk.editpad" type="simple" />
            <root url="jrt://D:/Java/jdk-11-openj9!/jdk.httpserver" type="simple" />
            <root url="jrt://D:/Java/jdk-11-openj9!/jdk.internal.ed" type="simple" />
            <root url="jrt://D:/Java/jdk-11-openj9!/jdk.internal.jvmstat" type="simple" />
            <root url="jrt://D:/Java/jdk-11-openj9!/jdk.internal.le" type="simple" />
            <root url="jrt://D:/Java/jdk-11-openj9!/jdk.internal.opt" type="simple" />
            <root url="jrt://D:/Java/jdk-11-openj9!/jdk.jartool" type="simple" />
            <root url="jrt://D:/Java/jdk-11-openj9!/jdk.javadoc" type="simple" />
            <root url="jrt://D:/Java/jdk-11-openj9!/jdk.jcmd" type="simple" />
            <root url="jrt://D:/Java/jdk-11-openj9!/jdk.jconsole" type="simple" />
            <root url="jrt://D:/Java/jdk-11-openj9!/jdk.jdeps" type="simple" />
            <root url="jrt://D:/Java/jdk-11-openj9!/jdk.jdi" type="simple" />
            <root url="jrt://D:/Java/jdk-11-openj9!/jdk.jdwp.agent" type="simple" />
            <root url="jrt://D:/Java/jdk-11-openj9!/jdk.jlink" type="simple" />
            <root url="jrt://D:/Java/jdk-11-openj9!/jdk.jshell" type="simple" />
            <root url="jrt://D:/Java/jdk-11-openj9!/jdk.jsobject" type="simple" />
            <root url="jrt://D:/Java/jdk-11-openj9!/jdk.localedata" type="simple" />
            <root url="jrt://D:/Java/jdk-11-openj9!/jdk.management" type="simple" />
            <root url="jrt://D:/Java/jdk-11-openj9!/jdk.management.agent" type="simple" />
            <root url="jrt://D:/Java/jdk-11-openj9!/jdk.naming.dns" type="simple" />
            <root url="jrt://D:/Java/jdk-11-openj9!/jdk.naming.rmi" type="simple" />
            <root url="jrt://D:/Java/jdk-11-openj9!/jdk.net" type="simple" />
            <root url="jrt://D:/Java/jdk-11-openj9!/jdk.pack" type="simple" />
            <root url="jrt://D:/Java/jdk-11-openj9!/jdk.rmic" type="simple" />
            <root url="jrt://D:/Java/jdk-11-openj9!/jdk.scripting.nashorn" type="simple" />
            <root url="jrt://D:/Java/jdk-11-openj9!/jdk.scripting.nashorn.shell" type="simple" />
            <root url="jrt://D:/Java/jdk-11-openj9!/jdk.sctp" type="simple" />
            <root url="jrt://D:/Java/jdk-11-openj9!/jdk.security.auth" type="simple" />
            <root url="jrt://D:/Java/jdk-11-openj9!/jdk.security.jgss" type="simple" />
            <root url="jrt://D:/Java/jdk-11-openj9!/jdk.unsupported" type="simple" />
            <root url="jrt://D:/Java/jdk-11-openj9!/jdk.unsupported.desktop" type="simple" />
            <root url="jrt://D:/Java/jdk-11-openj9!/jdk.xml.dom" type="simple" />
            <root url="jrt://D:/Java/jdk-11-openj9!/jdk.zipfs" type="simple" />
            <root url="jrt://D:/Java/jdk-11-openj9!/openj9.cuda" type="simple" />
            <root url="jrt://D:/Java/jdk-11-openj9!/openj9.dataaccess" type="simple" />
            <root url="jrt://D:/Java/jdk-11-openj9!/openj9.dtfj" type="simple" />
            <root url="jrt://D:/Java/jdk-11-openj9!/openj9.dtfjview" type="simple" />
            <root url="jrt://D:/Java/jdk-11-openj9!/openj9.gpu" type="simple" />
            <root url="jrt://D:/Java/jdk-11-openj9!/openj9.jvm" type="simple" />
            <root url="jrt://D:/Java/jdk-11-openj9!/openj9.sharedclasses" type="simple" />
            <root url="jrt://D:/Java/jdk-11-openj9!/openj9.traceformat" type="simple" />
            <root url="jrt://D:/Java/jdk-11-openj9!/openj9.zosconditionhandling" type="simple" />
          </root>
        </classPath>
        <javadocPath>
          <root type="composite" />
        </javadocPath>
        <sourcePath>
          <root type="composite">
            <root url="jar://D:/Java/jdk-11-openj9/lib/src.zip!/java.se" type="simple" />
            <root url="jar://D:/Java/jdk-11-openj9/lib/src.zip!/jdk.jdi" type="simple" />
            <root url="jar://D:/Java/jdk-11-openj9/lib/src.zip!/jdk.net" type="simple" />
            <root url="jar://D:/Java/jdk-11-openj9/lib/src.zip!/java.rmi" type="simple" />
            <root url="jar://D:/Java/jdk-11-openj9/lib/src.zip!/java.sql" type="simple" />
            <root url="jar://D:/Java/jdk-11-openj9/lib/src.zip!/java.xml" type="simple" />
            <root url="jar://D:/Java/jdk-11-openj9/lib/src.zip!/jdk.jcmd" type="simple" />
            <root url="jar://D:/Java/jdk-11-openj9/lib/src.zip!/jdk.pack" type="simple" />
            <root url="jar://D:/Java/jdk-11-openj9/lib/src.zip!/jdk.rmic" type="simple" />
            <root url="jar://D:/Java/jdk-11-openj9/lib/src.zip!/jdk.sctp" type="simple" />
            <root url="jar://D:/Java/jdk-11-openj9/lib/src.zip!/java.base" type="simple" />
            <root url="jar://D:/Java/jdk-11-openj9/lib/src.zip!/jdk.jdeps" type="simple" />
            <root url="jar://D:/Java/jdk-11-openj9/lib/src.zip!/jdk.jlink" type="simple" />
            <root url="jar://D:/Java/jdk-11-openj9/lib/src.zip!/jdk.zipfs" type="simple" />
            <root url="jar://D:/Java/jdk-11-openj9/lib/src.zip!/java.prefs" type="simple" />
            <root url="jar://D:/Java/jdk-11-openj9/lib/src.zip!/jdk.attach" type="simple" />
            <root url="jar://D:/Java/jdk-11-openj9/lib/src.zip!/jdk.jshell" type="simple" />
            <root url="jar://D:/Java/jdk-11-openj9/lib/src.zip!/openj9.gpu" type="simple" />
            <root url="jar://D:/Java/jdk-11-openj9/lib/src.zip!/openj9.jvm" type="simple" />
            <root url="jar://D:/Java/jdk-11-openj9/lib/src.zip!/java.naming" type="simple" />
            <root url="jar://D:/Java/jdk-11-openj9/lib/src.zip!/jdk.editpad" type="simple" />
            <root url="jar://D:/Java/jdk-11-openj9/lib/src.zip!/jdk.jartool" type="simple" />
            <root url="jar://D:/Java/jdk-11-openj9/lib/src.zip!/jdk.javadoc" type="simple" />
            <root url="jar://D:/Java/jdk-11-openj9/lib/src.zip!/jdk.xml.dom" type="simple" />
            <root url="jar://D:/Java/jdk-11-openj9/lib/src.zip!/openj9.cuda" type="simple" />
            <root url="jar://D:/Java/jdk-11-openj9/lib/src.zip!/openj9.dtfj" type="simple" />
            <root url="jar://D:/Java/jdk-11-openj9/lib/src.zip!/java.desktop" type="simple" />
            <root url="jar://D:/Java/jdk-11-openj9/lib/src.zip!/java.logging" type="simple" />
            <root url="jar://D:/Java/jdk-11-openj9/lib/src.zip!/jdk.charsets" type="simple" />
            <root url="jar://D:/Java/jdk-11-openj9/lib/src.zip!/jdk.compiler" type="simple" />
            <root url="jar://D:/Java/jdk-11-openj9/lib/src.zip!/jdk.dynalink" type="simple" />
            <root url="jar://D:/Java/jdk-11-openj9/lib/src.zip!/jdk.jconsole" type="simple" />
            <root url="jar://D:/Java/jdk-11-openj9/lib/src.zip!/jdk.jsobject" type="simple" />
            <root url="jar://D:/Java/jdk-11-openj9/lib/src.zip!/java.compiler" type="simple" />
            <root url="jar://D:/Java/jdk-11-openj9/lib/src.zip!/java.net.http" type="simple" />
            <root url="jar://D:/Java/jdk-11-openj9/lib/src.zip!/jdk.crypto.ec" type="simple" />
            <root url="jar://D:/Java/jdk-11-openj9/lib/src.zip!/java.scripting" type="simple" />
            <root url="jar://D:/Java/jdk-11-openj9/lib/src.zip!/jdk.httpserver" type="simple" />
            <root url="jar://D:/Java/jdk-11-openj9/lib/src.zip!/jdk.jdwp.agent" type="simple" />
            <root url="jar://D:/Java/jdk-11-openj9/lib/src.zip!/jdk.localedata" type="simple" />
            <root url="jar://D:/Java/jdk-11-openj9/lib/src.zip!/jdk.management" type="simple" />
            <root url="jar://D:/Java/jdk-11-openj9/lib/src.zip!/jdk.naming.dns" type="simple" />
            <root url="jar://D:/Java/jdk-11-openj9/lib/src.zip!/jdk.naming.rmi" type="simple" />
            <root url="jar://D:/Java/jdk-11-openj9/lib/src.zip!/java.instrument" type="simple" />
            <root url="jar://D:/Java/jdk-11-openj9/lib/src.zip!/java.management" type="simple" />
            <root url="jar://D:/Java/jdk-11-openj9/lib/src.zip!/java.sql.rowset" type="simple" />
            <root url="jar://D:/Java/jdk-11-openj9/lib/src.zip!/java.xml.crypto" type="simple" />
            <root url="jar://D:/Java/jdk-11-openj9/lib/src.zip!/jdk.internal.ed" type="simple" />
            <root url="jar://D:/Java/jdk-11-openj9/lib/src.zip!/jdk.internal.le" type="simple" />
            <root url="jar://D:/Java/jdk-11-openj9/lib/src.zip!/jdk.unsupported" type="simple" />
            <root url="jar://D:/Java/jdk-11-openj9/lib/src.zip!/openj9.dtfjview" type="simple" />
            <root url="jar://D:/Java/jdk-11-openj9/lib/src.zip!/java.smartcardio" type="simple" />
            <root url="jar://D:/Java/jdk-11-openj9/lib/src.zip!/jdk.internal.opt" type="simple" />
            <root url="jar://D:/Java/jdk-11-openj9/lib/src.zip!/java.datatransfer" type="simple" />
            <root url="jar://D:/Java/jdk-11-openj9/lib/src.zip!/jdk.accessibility" type="simple" />
            <root url="jar://D:/Java/jdk-11-openj9/lib/src.zip!/jdk.crypto.mscapi" type="simple" />
            <root url="jar://D:/Java/jdk-11-openj9/lib/src.zip!/jdk.security.auth" type="simple" />
            <root url="jar://D:/Java/jdk-11-openj9/lib/src.zip!/jdk.security.jgss" type="simple" />
            <root url="jar://D:/Java/jdk-11-openj9/lib/src.zip!/openj9.dataaccess" type="simple" />
            <root url="jar://D:/Java/jdk-11-openj9/lib/src.zip!/java.security.jgss" type="simple" />
            <root url="jar://D:/Java/jdk-11-openj9/lib/src.zip!/java.security.sasl" type="simple" />
            <root url="jar://D:/Java/jdk-11-openj9/lib/src.zip!/openj9.traceformat" type="simple" />
            <root url="jar://D:/Java/jdk-11-openj9/lib/src.zip!/java.management.rmi" type="simple" />
            <root url="jar://D:/Java/jdk-11-openj9/lib/src.zip!/java.transaction.xa" type="simple" />
            <root url="jar://D:/Java/jdk-11-openj9/lib/src.zip!/jdk.crypto.cryptoki" type="simple" />
            <root url="jar://D:/Java/jdk-11-openj9/lib/src.zip!/jdk.internal.jvmstat" type="simple" />
            <root url="jar://D:/Java/jdk-11-openj9/lib/src.zip!/jdk.management.agent" type="simple" />
            <root url="jar://D:/Java/jdk-11-openj9/lib/src.zip!/openj9.sharedclasses" type="simple" />
            <root url="jar://D:/Java/jdk-11-openj9/lib/src.zip!/jdk.scripting.nashorn" type="simple" />
            <root url="jar://D:/Java/jdk-11-openj9/lib/src.zip!/jdk.unsupported.desktop" type="simple" />
            <root url="jar://D:/Java/jdk-11-openj9/lib/src.zip!/jdk.scripting.nashorn.shell" type="simple" />
            <root url="jar://D:/Java/jdk-11-openj9/lib/src.zip!/openj9.zosconditionhandling" type="simple" />
          </root>
        </sourcePath>
      </roots>
      <additional />
    </jdk>
  </component>
</application>