<code_scheme name="Default 2" version="173">
  <option name="FORMATTER_TAGS_ENABLED" value="true" />
  <option name="SOFT_MARGINS" value="120" />
  <DB2CodeStyleSettings version="2">
    <option name="SET_ALIGN_EQUAL_SIGN" value="false" />
    <option name="TABLE_OPENING" value="1" />
    <option name="TABLE_CONTENT" value="2" />
    <option name="TABLE_CLOSING" value="3" />
    <option name="TABLE_TYPES_ALIGN" value="false" />
    <option name="TABLE_DEFAULTS_ALIGN" value="false" />
    <option name="TABLE_NULLABILITIES_ALIGN" value="false" />
    <option name="CREATE_SCHEMA_CONTENT_INDENT" value="false" />
    <option name="VIEW_INDENT_QUERY" value="true" />
  </DB2CodeStyleSettings>
  <DerbyCodeStyleSettings version="2">
    <option name="SET_ALIGN_EQUAL_SIGN" value="false" />
    <option name="TABLE_OPENING" value="1" />
    <option name="TABLE_CONTENT" value="2" />
    <option name="TABLE_CLOSING" value="3" />
    <option name="TABLE_TYPES_ALIGN" value="false" />
    <option name="TABLE_DEFAULTS_ALIGN" value="false" />
    <option name="TABLE_NULLABILITIES_ALIGN" value="false" />
    <option name="CREATE_SCHEMA_CONTENT_INDENT" value="false" />
    <option name="VIEW_INDENT_QUERY" value="true" />
  </DerbyCodeStyleSettings>
  <H2CodeStyleSettings version="2">
    <option name="SET_ALIGN_EQUAL_SIGN" value="false" />
    <option name="TABLE_OPENING" value="1" />
    <option name="TABLE_CONTENT" value="2" />
    <option name="TABLE_CLOSING" value="3" />
    <option name="TABLE_TYPES_ALIGN" value="false" />
    <option name="TABLE_DEFAULTS_ALIGN" value="false" />
    <option name="TABLE_NULLABILITIES_ALIGN" value="false" />
    <option name="CREATE_SCHEMA_CONTENT_INDENT" value="false" />
    <option name="VIEW_INDENT_QUERY" value="true" />
  </H2CodeStyleSettings>
  <HSQLCodeStyleSettings version="2">
    <option name="SET_ALIGN_EQUAL_SIGN" value="false" />
    <option name="TABLE_OPENING" value="1" />
    <option name="TABLE_CONTENT" value="2" />
    <option name="TABLE_CLOSING" value="3" />
    <option name="TABLE_TYPES_ALIGN" value="false" />
    <option name="TABLE_DEFAULTS_ALIGN" value="false" />
    <option name="TABLE_NULLABILITIES_ALIGN" value="false" />
    <option name="CREATE_SCHEMA_CONTENT_INDENT" value="false" />
    <option name="VIEW_INDENT_QUERY" value="true" />
  </HSQLCodeStyleSettings>
  <HTMLCodeStyleSettings>
    <option name="HTML_ALIGN_ATTRIBUTES" value="false" />
    <option name="HTML_INLINE_ELEMENTS" value="a,abbr,acronym,b,basefont,bdo,big,br,cite,cite,code,dfn,em,font,i,img,input,kbd,label,q,s,samp,select,small,span,strike,strong,sub,sup,textarea,tt,u,var,router-link" />
  </HTMLCodeStyleSettings>
  <JSCodeStyleSettings version="0">
    <option name="SPACE_BEFORE_FUNCTION_LEFT_PARENTH" value="false" />
    <option name="INDENT_CHAINED_CALLS" value="false" />
    <option name="SPACE_BEFORE_ASYNC_ARROW_LPAREN" value="false" />
  </JSCodeStyleSettings>
  <JavaCodeStyleSettings>
    <option name="IMPORT_LAYOUT_TABLE">
      <value>
        <package name="java" withSubpackages="true" static="false" />
        <emptyLine />
        <package name="javax" withSubpackages="true" static="false" />
        <emptyLine />
        <package name="org" withSubpackages="true" static="false" />
        <emptyLine />
        <package name="com" withSubpackages="true" static="false" />
        <emptyLine />
        <package name="" withSubpackages="true" static="false" />
        <emptyLine />
        <package name="" withSubpackages="true" static="true" />
      </value>
    </option>
  </JavaCodeStyleSettings>
  <JetCodeStyleSettings>
    <option name="PACKAGES_TO_USE_STAR_IMPORTS">
      <value>
        <package name="java.util" alias="false" withSubpackages="false" />
        <package name="kotlinx.android.synthetic" alias="false" withSubpackages="true" />
        <package name="io.ktor" alias="false" withSubpackages="true" />
      </value>
    </option>
    <option name="PACKAGES_IMPORT_LAYOUT">
      <value>
        <package name="" alias="false" withSubpackages="true" />
        <package name="java" alias="false" withSubpackages="true" />
        <package name="javax" alias="false" withSubpackages="true" />
        <package name="kotlin" alias="false" withSubpackages="true" />
        <package name="" alias="true" withSubpackages="true" />
      </value>
    </option>
  </JetCodeStyleSettings>
  <MSSQLCodeStyleSettings version="2">
    <option name="SET_ALIGN_EQUAL_SIGN" value="false" />
    <option name="TABLE_OPENING" value="1" />
    <option name="TABLE_CONTENT" value="2" />
    <option name="TABLE_CLOSING" value="3" />
    <option name="TABLE_TYPES_ALIGN" value="false" />
    <option name="TABLE_DEFAULTS_ALIGN" value="false" />
    <option name="TABLE_NULLABILITIES_ALIGN" value="false" />
    <option name="CREATE_SCHEMA_CONTENT_INDENT" value="false" />
    <option name="VIEW_INDENT_QUERY" value="true" />
  </MSSQLCodeStyleSettings>
  <MySQLCodeStyleSettings version="2">
    <option name="USE_GENERIC_STYLE" value="true" />
    <option name="INSERT_TABLE_EL_LINE" value="1" />
    <option name="INSERT_VALUES_EL_LINE" value="1" />
    <option name="INSERT_EL_WRAP" value="0" />
    <option name="SET_ALIGN_EQUAL_SIGN" value="false" />
    <option name="TABLE_OPENING" value="1" />
    <option name="TABLE_CONTENT" value="2" />
    <option name="TABLE_CLOSING" value="3" />
    <option name="TABLE_TYPES_ALIGN" value="false" />
    <option name="TABLE_DEFAULTS_ALIGN" value="false" />
    <option name="TABLE_NULLABILITIES_ALIGN" value="false" />
    <option name="CREATE_SCHEMA_CONTENT_INDENT" value="false" />
    <option name="VIEW_INDENT_QUERY" value="true" />
  </MySQLCodeStyleSettings>
  <OracleCodeStyleSettings version="2">
    <option name="SET_ALIGN_EQUAL_SIGN" value="false" />
    <option name="TABLE_OPENING" value="1" />
    <option name="TABLE_CONTENT" value="2" />
    <option name="TABLE_CLOSING" value="3" />
    <option name="TABLE_TYPES_ALIGN" value="false" />
    <option name="TABLE_DEFAULTS_ALIGN" value="false" />
    <option name="TABLE_NULLABILITIES_ALIGN" value="false" />
    <option name="CREATE_SCHEMA_CONTENT_INDENT" value="false" />
    <option name="VIEW_INDENT_QUERY" value="true" />
  </OracleCodeStyleSettings>
  <PostgresCodeStyleSettings version="2">
    <option name="SET_ALIGN_EQUAL_SIGN" value="false" />
    <option name="TABLE_OPENING" value="1" />
    <option name="TABLE_CONTENT" value="2" />
    <option name="TABLE_CLOSING" value="3" />
    <option name="TABLE_TYPES_ALIGN" value="false" />
    <option name="TABLE_DEFAULTS_ALIGN" value="false" />
    <option name="TABLE_NULLABILITIES_ALIGN" value="false" />
    <option name="CREATE_SCHEMA_CONTENT_INDENT" value="false" />
    <option name="VIEW_INDENT_QUERY" value="true" />
  </PostgresCodeStyleSettings>
  <SQLiteCodeStyleSettings version="2">
    <option name="SET_ALIGN_EQUAL_SIGN" value="false" />
    <option name="TABLE_OPENING" value="1" />
    <option name="TABLE_CONTENT" value="2" />
    <option name="TABLE_CLOSING" value="3" />
    <option name="TABLE_TYPES_ALIGN" value="false" />
    <option name="TABLE_DEFAULTS_ALIGN" value="false" />
    <option name="TABLE_NULLABILITIES_ALIGN" value="false" />
    <option name="CREATE_SCHEMA_CONTENT_INDENT" value="false" />
    <option name="VIEW_INDENT_QUERY" value="true" />
  </SQLiteCodeStyleSettings>
  <SqlCodeStyleSettings version="2">
    <option name="INSERT_INTO_NL" value="2" />
    <option name="INSERT_OPENING" value="0" />
    <option name="INSERT_CONTENT" value="0" />
    <option name="INSERT_TABLE_EL_LINE" value="0" />
    <option name="INSERT_EL_WRAP" value="0" />
    <option name="SET_ALIGN_EQUAL_SIGN" value="false" />
    <option name="TABLE_OPENING" value="1" />
    <option name="TABLE_CONTENT" value="2" />
    <option name="TABLE_CLOSING" value="3" />
    <option name="TABLE_TYPES_ALIGN" value="false" />
    <option name="TABLE_DEFAULTS_ALIGN" value="false" />
    <option name="TABLE_NULLABILITIES_ALIGN" value="false" />
    <option name="TABLE_ALTER_INSTRUCTION_WRAP" value="0" />
    <option name="CREATE_SCHEMA_CONTENT_INDENT" value="false" />
    <option name="VIEW_INDENT_QUERY" value="true" />
    <option name="INDEX_NAME_TEMPLATE" value="{unique?uk:idx}_{table}_{columns}" />
    <option name="PRIMARY_KEY_NAME_TEMPLATE" value="pk_{table}" />
    <option name="FOREIGN_KEY_NAME_TEMPLATE" value="fk_{table}_{columns}" />
  </SqlCodeStyleSettings>
  <SybaseCodeStyleSettings version="2">
    <option name="SET_ALIGN_EQUAL_SIGN" value="false" />
    <option name="TABLE_OPENING" value="1" />
    <option name="TABLE_CONTENT" value="2" />
    <option name="TABLE_CLOSING" value="3" />
    <option name="TABLE_TYPES_ALIGN" value="false" />
    <option name="TABLE_DEFAULTS_ALIGN" value="false" />
    <option name="TABLE_NULLABILITIES_ALIGN" value="false" />
    <option name="CREATE_SCHEMA_CONTENT_INDENT" value="false" />
    <option name="VIEW_INDENT_QUERY" value="true" />
  </SybaseCodeStyleSettings>
  <XML>
    <option name="XML_ALIGN_ATTRIBUTES" value="false" />
  </XML>
  <codeStyleSettings language="DB2">
    <option name="KEEP_LINE_BREAKS" value="false" />
    <option name="KEEP_FIRST_COLUMN_COMMENT" value="false" />
  </codeStyleSettings>
  <codeStyleSettings language="Derby">
    <option name="KEEP_LINE_BREAKS" value="false" />
    <option name="KEEP_FIRST_COLUMN_COMMENT" value="false" />
  </codeStyleSettings>
  <codeStyleSettings language="H2">
    <option name="KEEP_LINE_BREAKS" value="false" />
    <option name="KEEP_FIRST_COLUMN_COMMENT" value="false" />
  </codeStyleSettings>
  <codeStyleSettings language="HSQLDB">
    <option name="KEEP_LINE_BREAKS" value="false" />
    <option name="KEEP_FIRST_COLUMN_COMMENT" value="false" />
  </codeStyleSettings>
  <codeStyleSettings language="HTML">
    <option name="RIGHT_MARGIN" value="120" />
    <option name="SOFT_MARGINS" value="120" />
    <indentOptions>
      <option name="CONTINUATION_INDENT_SIZE" value="4" />
    </indentOptions>
  </codeStyleSettings>
  <codeStyleSettings language="JAVA">
    <option name="RIGHT_MARGIN" value="120" />
    <option name="KEEP_CONTROL_STATEMENT_IN_ONE_LINE" value="false" />
    <option name="ALIGN_MULTILINE_PARAMETERS" value="false" />
    <option name="SPACE_WITHIN_ARRAY_INITIALIZER_BRACES" value="true" />
    <option name="CALL_PARAMETERS_WRAP" value="1" />
    <option name="METHOD_PARAMETERS_WRAP" value="1" />
    <option name="RESOURCE_LIST_WRAP" value="1" />
    <option name="EXTENDS_LIST_WRAP" value="1" />
    <option name="THROWS_LIST_WRAP" value="1" />
    <option name="EXTENDS_KEYWORD_WRAP" value="1" />
    <option name="THROWS_KEYWORD_WRAP" value="1" />
    <option name="METHOD_CALL_CHAIN_WRAP" value="1" />
    <option name="FOR_STATEMENT_WRAP" value="1" />
    <option name="IF_BRACE_FORCE" value="3" />
    <option name="DOWHILE_BRACE_FORCE" value="3" />
    <option name="WHILE_BRACE_FORCE" value="3" />
    <option name="FOR_BRACE_FORCE" value="3" />
    <option name="SOFT_MARGINS" value="120" />
  </codeStyleSettings>
  <codeStyleSettings language="JSP">
    <option name="RIGHT_MARGIN" value="120" />
    <option name="SOFT_MARGINS" value="120" />
    <indentOptions>
      <option name="CONTINUATION_INDENT_SIZE" value="4" />
    </indentOptions>
  </codeStyleSettings>
  <codeStyleSettings language="JavaScript">
    <option name="RIGHT_MARGIN" value="120" />
    <option name="ALIGN_MULTILINE_PARAMETERS" value="false" />
    <option name="ALIGN_MULTILINE_FOR" value="false" />
    <option name="CALL_PARAMETERS_WRAP" value="1" />
    <option name="METHOD_PARAMETERS_WRAP" value="1" />
    <option name="METHOD_CALL_CHAIN_WRAP" value="1" />
    <option name="FOR_STATEMENT_WRAP" value="1" />
    <option name="ARRAY_INITIALIZER_WRAP" value="1" />
    <option name="IF_BRACE_FORCE" value="3" />
    <option name="DOWHILE_BRACE_FORCE" value="3" />
    <option name="WHILE_BRACE_FORCE" value="3" />
    <option name="FOR_BRACE_FORCE" value="3" />
    <option name="SOFT_MARGINS" value="120" />
  </codeStyleSettings>
  <codeStyleSettings language="Markdown">
    <option name="WRAP_ON_TYPING" value="0" />
  </codeStyleSettings>
  <codeStyleSettings language="MySQL">
    <option name="KEEP_LINE_BREAKS" value="false" />
    <option name="KEEP_FIRST_COLUMN_COMMENT" value="false" />
    <indentOptions>
      <option name="INDENT_SIZE" value="2" />
      <option name="CONTINUATION_INDENT_SIZE" value="4" />
      <option name="TAB_SIZE" value="2" />
    </indentOptions>
  </codeStyleSettings>
  <codeStyleSettings language="Oracle">
    <option name="KEEP_LINE_BREAKS" value="false" />
    <option name="KEEP_FIRST_COLUMN_COMMENT" value="false" />
  </codeStyleSettings>
  <codeStyleSettings language="PostgreSQL">
    <option name="KEEP_LINE_BREAKS" value="false" />
    <option name="KEEP_FIRST_COLUMN_COMMENT" value="false" />
  </codeStyleSettings>
  <codeStyleSettings language="SQL">
    <option name="KEEP_LINE_BREAKS" value="false" />
    <option name="KEEP_FIRST_COLUMN_COMMENT" value="false" />
    <indentOptions>
      <option name="CONTINUATION_INDENT_SIZE" value="4" />
    </indentOptions>
  </codeStyleSettings>
  <codeStyleSettings language="SQLite">
    <option name="KEEP_LINE_BREAKS" value="false" />
    <option name="KEEP_FIRST_COLUMN_COMMENT" value="false" />
  </codeStyleSettings>
  <codeStyleSettings language="Sybase">
    <option name="KEEP_LINE_BREAKS" value="false" />
    <option name="KEEP_FIRST_COLUMN_COMMENT" value="false" />
  </codeStyleSettings>
  <codeStyleSettings language="TSQL">
    <option name="KEEP_LINE_BREAKS" value="false" />
    <option name="KEEP_FIRST_COLUMN_COMMENT" value="false" />
  </codeStyleSettings>
  <codeStyleSettings language="Vue">
    <indentOptions>
      <option name="INDENT_SIZE" value="4" />
      <option name="TAB_SIZE" value="4" />
    </indentOptions>
  </codeStyleSettings>
  <codeStyleSettings language="XML">
    <option name="RIGHT_MARGIN" value="120" />
    <option name="SOFT_MARGINS" value="120" />
  </codeStyleSettings>
  <codeStyleSettings language="yaml">
    <option name="SOFT_MARGINS" value="120" />
  </codeStyleSettings>
</code_scheme>